Agency name,Skills,Industries
5 Ways to Innovate,Growth & Innovation Strategy,"Financial Services,Technology, Information and Media"
Arktic Fox,,
Boost Awards,"Copywriting, PR",Professional Services
Bread Agency,"Digital Strategy, Social Media, Creative Production, Video Production, Social & Influencer Marketing","Alcoholic Beverages, Automotive, Beauty, Entertainment, Fashion, Financial Services, FMCG, Food and Beverage Services, Government, Healthcare, Not-for-Profit, Pharmaceutical, Professional Services, Retail"
CHS,,
Croud,"Business Strategy, Customer Strategy, Data Strategy, Digital Strategy, Customer Data Platforms, Dashboarding & Measurement, Data Analytics, Data Visualisation, MarTech Consulting, Qualitative Research, Quantitative Research, ROl Optimisation, UX / UI Design, Artificial Intelligence, eCommerce & Marketplaces, MarTech Implementation, Advertising, Brand Strategy, Social Media, Creative Production, Digital Campaign Development, Copywriting, Video Production, Digital Performance Marketing, Media Buying, Media Strategy & Planning, PR, SEO / SEM, Shopper / PoS marketing, Social & Influencer Marketing","Alcoholic Beverages, Automotive, Beauty, Construction, Education, Entertainment, Fashion, Financial Services, FMCG, Food and Beverage Services, Gaming, Grocery, Healthcare, Hospitality, Manufacturing, Not-for-Profit, Professional Services, Real Estate, Retail, Technology,  Information and Media, Telecommunications, Transportation,  Logistics,  Supply Chain and Storage, Travel and Tourism, Utilities, Scale-up"
CXR Agency,"Digital Strategy, Experience Strategy, Growth & Innovation Strategy, Data Analytics, ROl Optimisation, Brand Design, Customer Experience Design, Graphic Design, Spatial Design, UX / UI Design, AR / VR, Artificial Intelligence, Blockchain / Web 3, CMS / DXP, CRM Implementation, eCommerce & Marketplaces, Mobile App Development, Software Development, Web Development, Experiential Marketing","Alcoholic Beverages, Entertainment, Fashion, Gaming, Healthcare, Hospitality, Manufacturing, Not-for-Profit, Real Estate, Retail, Technology,  Information and Media, Telecommunications, Scale-up, Start-up"
Edge,"Business Strategy, CRM Strategy, Customer Strategy, Digital Strategy, Dashboarding & Measurement, Data Visualisation, Qualitative Research, Quantitative Research, ROl Optimisation, Segmentation, Brand Design, Customer Experience Design, Graphic Design, UX / UI Design, CMS / DXP, CRM Implementation, eCommerce & Marketplaces, Advertising, Brand Strategy, Social Media, Creative Production, Digital Campaign Development, Copywriting, Video Production, Digital Performance Marketing, Media Buying, Media Strategy & Planning, SEO / SEM, Social & Influencer Marketing, Internal Communications, Purpose,  Values & Culture, Recruitment Campaigns","Alcoholic Beverages, Automotive, Beauty, Construction, Education, Entertainment, Financial Services, FMCG, Food and Beverage Services, Government, Grocery, Healthcare, Hospitality, Industry Associations, Not-for-Profit, Pharmaceutical, Professional Services, QSR (Quick Service Restaurant), Real Estate, Retail, Technology,  Information and Media, Telecommunications, Transportation,  Logistics,  Supply Chain and Storage, Travel and Tourism, Utilities, Scale-up, Start-up"
Experience,,
Five by Five Global,"Customer Strategy, Digital Strategy, Qualitative Research, Brand Design, Graphic Design, UX / UI Design, AR / VR, Web Development, Advertising, Brand Strategy, Social Media, Creative Production, Digital Campaign Development, Copywriting, Video Production, Digital Performance Marketing, Events, Experiential Marketing, PR, Shopper / PoS marketing, Social & Influencer Marketing","Alcoholic Beverages, Entertainment, Financial Services, Gaming, Industry Associations, Pharmaceutical, Technology,  Information and Media, Telecommunications, Scale-up, Start-up"
hidden strategy,"Business Strategy, Digital Strategy, Experience Strategy, Growth & Innovation Strategy, New Venture Strategy, Product Strategy, Future Trends, Qualitative Research, Quantitative Research, Brand Design, Customer Experience Design, Proposition Design, Service Design, Spatial Design, UX / UI Design, Brand Strategy, Employee Experience, EVP / Employer Branding","Construction, Fashion, Financial Services, FMCG, Food and Beverage Services, Not-for-Profit, Oil,  Gas,  and Mining, Professional Services, Real Estate, Retail, Technology,  Information and Media, Telecommunications, Utilities, Scale-up, Start-up"
Honest Fox,"Business Strategy, CRM Strategy, Customer Strategy, Digital Strategy, Experience Strategy, Growth & Innovation Strategy, Product Strategy, Customer Data Platforms, Dashboarding & Measurement, Data Analytics, MarTech Consulting, ROl Optimisation, Segmentation, UX / UI Design, CRM Implementation, eCommerce & Marketplaces, MarTech Implementation, Software Development, Web Development, Digital Performance Marketing, Media Strategy & Planning, SEO / SEM","Automotive, Education, Financial Services, Government, Healthcare, Technology,  Information and Media, Travel and Tourism"
LaunchSquad,"Brand Strategy, Social Media, Corporate Communications, PR","Automotive, Entertainment, Fashion, Financial Services, Healthcare, Retail, Technology,  Information and Media, Transportation,  Logistics,  Supply Chain and Storage, Scale-up, Start-up"
Midnight,"Business Strategy, CRM Strategy, Data Strategy, Digital Strategy, Experience Strategy, Product Strategy, UX / UI Design, Artificial Intelligence, Blockchain / Web 3, CMS / DXP, CRM Implementation, eCommerce & Marketplaces, MarTech Implementation, Software Development, Web Development, Digital Campaign Development","Beauty, Education, Entertainment, Fashion, Financial Services, FMCG, Not-for-Profit, Professional Services, Real Estate, Retail, Technology,  Information and Media, Telecommunications, Travel and Tourism, Utilities, Scale-up, Start-up"
North Street Creative,"Brand Design,Graphic Design,Web Development,Brand Strategy,Creative Production,Copywriting","Alcoholic Beverages,Construction,Financial Services,Food and Beverage Services,Healthcare,Hospitality,Not-for-Profit,Professional Services,Real Estate,Technology, Information and Media,Start-up"
Rebel Angel Strategy,"Digital Strategy, Brand Strategy, Social Media, Digital Campaign Development, Media Strategy & Planning","Alcoholic Beverages, Automotive, Entertainment, Financial Services, Food and Beverage Services, Gaming, Grocery, Oil,  Gas,  and Mining, QSR (Quick Service Restaurant), Retail, Technology,  Information and Media, Telecommunications, Travel and Tourism"
Rehab,"Digital Strategy, Experience Strategy, Future Trends, Brand Design, Graphic Design, Customer Experience Design, Spatial Design, UX / UI Design, Artificial Intelligence, Blockchain / Web 3, Mobile App Development, Web Development, Advertising, Brand Strategy, Digital Campaign Development","Alcoholic Beverages, Beauty, Entertainment, Fashion, Technology,  Information and Media"
Rocketer,,
Screentide,,
Somethingâ„¢,,
Study Hall,"Digital Strategy, Experience Strategy, Data Visualisation, Brand Design, Customer Experience Design, Graphic Design, Proposition Design, Service Design, Spatial Design, UX / UI Design, eCommerce & Marketplaces, Mobile App Development, Software Development, Web Development, Advertising, Brand Strategy, Social Media, Creative Production, Digital Campaign Development, Copywriting, Video Production, Events, Purpose,  Values & Culture","Administrative and Support Services, Alcoholic Beverages, Automotive, Beauty, Construction, Entertainment, Fashion, Financial Services, Food and Beverage Services, Gaming, Healthcare, Professional Services, Real Estate, Travel and Tourism, Utilities, Scale-up, Start-up"
The Curious Co,"Business Strategy, Customer Strategy, Growth & Innovation Strategy, Qualitative Research","Education, Financial Services, Healthcare, Industry Associations, Not-for-Profit, Professional Services, Technology,  Information and Media, Travel and Tourism"
The Nursery Research & Planning Ltd ,,
Ubiquitous,,
Flume,"Business Strategy, Customer Strategy, Qualitative Research, Quantitative Research, Segmentation, Brand Strategy","Alcoholic Beverages, Beauty, Construction, Financial Services, FMCG, Food and Beverage Services, Grocery, Healthcare, Hospitality, Not-for-Profit, Professional Services, QSR (Quick Service Restaurant), Retail"
MyMavins,,
2CV,"Qualitative Research, Quantitative Research, Research Tools, Segmentation","Automotive, Beauty, Entertainment, Fashion, Financial Services, FMCG, Food and Beverage Services, Gaming, Government, Technology,  Information and Media, Telecommunications, Transportation,  Logistics,  Supply Chain and Storage, Travel and Tourism, Utilities"
STUDIO BLUP,"Future Trends, Qualitative Research, Quantitative Research, Segmentation, Blockchain / Web 3, Brand Strategy, Copywriting, Creative Production, Digital Campaign Development, Social Media, Video Production, Events",B2B
Remesh,"Qualitative Research, Quantitative Research, Research Tools, Segmentation",B2B
Phase One Insights,"Customer Strategy, Experience Strategy, Growth & Innovation Strategy, Product Strategy, Qualitative Research, Quantitative Research, Segmentation, Customer Experience Design, Proposition Design, Service Design","Financial Services, Retail, Travel and Tourism"
Hippo Digital,"Data Analytics, Segmentation",B2B
infogr8 Ltd,"Data Strategy, Customer Data Platforms, Dashboarding & Measurement, Data Analytics, Data Visualisation","Education, Financial Services, Government, Manufacturing, Not-for-Profit, Pharmaceutical, Professional Services, Transportation,  Logistics,  Supply Chain and Storage"
AlignAlytics,"Business Strategy, CRM Strategy, Customer Strategy, Data Strategy, Digital Strategy, Growth & Innovation Strategy, Loyalty Strategy, Product Strategy, Customer Data Platforms, Dashboarding & Measurement, Data Analytics, Data Visualisation, Future Trends, MarTech Consulting, Quantitative Research, ROl Optimisation, Segmentation, Artificial Intelligence, eCommerce & Marketplaces, Mobile App Development, Software Development, Web Development","Alcoholic Beverages, Automotive, Construction, FMCG, Food and Beverage Services, Grocery, Healthcare, Hospitality, Manufacturing, Oil,  Gas,  and Mining, Pharmaceutical, Professional Services, QSR (Quick Service Restaurant), Technology,  Information and Media, Telecommunications, Transportation,  Logistics,  Supply Chain and Storage, Travel and Tourism"
Blicx,"Dashboarding & Measurement, Data Analytics, Qualitative Research, Quantitative Research, Research Tools, Segmentation","Automotive, Financial Services, FMCG, Gaming, Technology,  Information and Media, Start-up"
blueegg ,,
Objective Experience,"Experience Strategy, Qualitative Research, Quantitative Research, Research Tools, Service Design, UX / UI Design","Alcoholic Beverages, Financial Services, FMCG, Government, Professional Services, Technology,  Information and Media, Telecommunications, Travel and Tourism, Utilities"
Verve,"Customer Data Platforms, Dashboarding & Measurement, Data Analytics, Data Visualisation, Future Trends, Qualitative Research, Quantitative Research, Research Tools, ROl Optimisation, Segmentation","Alcoholic Beverages, Automotive, Beauty, Entertainment, Fashion, Financial Services, FMCG, Food and Beverage Services, Gaming, Government, Grocery, Healthcare, Hospitality, Retail, Technology,  Information and Media, Telecommunications, Travel and Tourism, Utilities"
NMD+,"Business Strategy, Customer Strategy, Digital Strategy, Experience Strategy, Sustainability Strategy, Brand Design, Customer Experience Design, Graphic Design, Proposition Design, Service Design, UX / UI Design, Social Media, Copywriting, Corporate Communications, Change Management, Employee Experience",Financial Services
Cyber-duck,"Product Strategy, Data Analytics, UX & UI Design, Mobile App Development, Software Development, Web Development",B2B
44 Digital,"Digital Strategy, Data Analytics, Qualitative Research, Brand Design, Customer Experience Design, Graphic Design, UX / UI Design, AR / VR, eCommerce & Marketplaces, Web Development, Brand Strategy, Digital Campaign Development, Copywriting, Video Production, Corporate Communications, Change Management, Employee Experience, Internal Communications","Automotive, Construction, Financial Services, Manufacturing, Oil,  Gas,  and Mining, Professional Services, Retail, Transportation,  Logistics,  Supply Chain and Storage, Utilities"
Disrupt ,,
Catch the Sun Communications,"Copywriting, Editing","Administrative and Support Services, Automotive, Construction, Education, Entertainment, Financial Services, Government, Healthcare, Hospitality, Industry Associations, Not-for-Profit, Oil,  Gas,  and Mining, Pharmaceutical, Professional Services, Technology,  Information and Media, Telecommunications, Travel and Tourism"
Beesting Digital,"Digital Strategy, Future Trends, MarTech Consulting, ROl Optimisation, Digital Campaign Development, Copywriting, Internal Communications, Learning & Development, Purpose,  Values & Culture","Financial Services, Healthcare, Manufacturing, Professional Services, Technology,  Information and Media"
Airview Productions,Video Production,Start-up
Hatch Films CIC,"Sustainability Strategy, Advertising, Social Media, Creative Production, Digital Campaign Development, Video Production, Animation, Audio Production, Editing, Graphic Design, Illustration, Motion Graphics, Photography, Production Management, TV Production, Video Production, Corporate Communications, Events, Internal Communications, Recruitment Campaigns","Administrative and Support Services, Financial Services, FMCG, Government, Industry Associations, Not-for-Profit, Professional Services, Technology,  Information and Media"
Nowadays,Video Production,B2B
Studio Yes,Video Production,B2B
InspoHub Ltd,"Creative Production, Video Production, Animation, Editing, Motion Graphics, TV Production, Video Production, Internal Communications","Automotive, Entertainment, Financial Services, Gaming, Technology,  Information and Media"
Bearjam,"Advertising, Creative Production, Video Production, Animation, Audio Production, Editing, Graphic Design, Illustration, Motion Graphics, Photography, Production Management, TV Production, Video Production","Alcoholic Beverages, Automotive, Beauty, Construction, Entertainment, Financial Services, FMCG, Food and Beverage Services, Healthcare, Hospitality, Pharmaceutical, Professional Services, QSR (Quick Service Restaurant), Real Estate, Technology,  Information and Media, Travel and Tourism"
Nusa Film ,,
Tinker Taylor,,
Videomachine Limited,"Video Production, Animation, Audio Production, Editing, Motion Graphics, Photography, Video Production","Alcoholic Beverages, Automotive, Construction, Financial Services, Food and Beverage Services, Hospitality, Manufacturing, Not-for-Profit, Pharmaceutical, Professional Services, Technology,  Information and Media, Telecommunications, Transportation,  Logistics,  Supply Chain and Storage, Travel and Tourism, Utilities, Start-up"
Viewpoint Studios,"Brand Design, Customer Experience Design, Graphic Design, Advertising, Brand Strategy, Social Media, Creative Production, Digital Campaign Development, Copywriting, Video Production, Animation, Audio Production, Editing, Graphic Design, Illustration, Motion Graphics, Photography, Production Management, TV Production, Video Production, Corporate Communications, Digital Performance Marketing, Events, Media Strategy & Planning, Social & Influencer Marketing, Employee Experience, Internal Communications, Learning & Development, Recruitment Campaigns","Alcoholic Beverages, Automotive, Beauty, Construction, Education, Entertainment, Fashion, Financial Services, FMCG, Food and Beverage Services, Healthcare, Hospitality, Manufacturing, Oil,  Gas,  and Mining, Pharmaceutical, Professional Services, Real Estate, Retail, Technology,  Information and Media, Telecommunications, Transportation,  Logistics,  Supply Chain and Storage, Travel and Tourism, Start-up"
Fun Agency Ltd,"Brand Design, Graphic Design, Proposition Design, Advertising, Brand Strategy","Alcoholic Beverages, FMCG, Food and Beverage Services, Start-up"
Reed Words,"Brand Strategy, Copywriting, Corporate Communications, EVP / Employer Branding, Internal Communications, Purpose,  Values & Culture","Administrative and Support Services, Alcoholic Beverages, Automotive, Beauty, Construction, Education, Entertainment, Financial Services, FMCG, Food and Beverage Services, Grocery, Healthcare, Hospitality, Industry Associations, Not-for-Profit, Pharmaceutical, Professional Services, QSR (Quick Service Restaurant), Real Estate, Retail, Technology,  Information and Media, Telecommunications, Travel and Tourism, Utilities, Scale-up, Start-up"
Shoreditch Design Studio,"Brand Design, UX & UI Design, Mobile App Development, Brand Strategy, Video Production",B2B
Studio Something,"Brand Design, Advertising, Brand Strategy, Social Media, Creative Production, Digital Campaign Development, Copywriting, Video Production, Experiential Marketing, Internal Communications","Alcoholic Beverages, Education, Entertainment, FMCG, Food and Beverage Services, Gaming, Government, Grocery, Manufacturing, Not-for-Profit, Scale-up"
The Builders Arms Ltd,"Advertising, Brand Strategy, Social Media, Creative Production, Digital Campaign Development, Copywriting, Video Production","Alcoholic Beverages, Beauty, Financial Services, FMCG, Gaming, Technology,  Information and Media, Scale-up, Start-up"
Studiomade,"Business Strategy, Data Strategy, Digital Strategy, Experience Strategy, New Venture Strategy, Product Strategy, Data Visualisation, Brand Design, Customer Experience Design, Graphic Design, Proposition Design, UX / UI Design, CMS / DXP, CRM Implementation, eCommerce & Marketplaces, Mobile App Development, Software Development, Web Development, Brand Strategy, Social Media, Creative Production, Digital Campaign Development, Copywriting, Video Production, Corporate Communications, Events, Experiential Marketing, Shopper / PoS marketing, Social & Influencer Marketing, Change Management, Employee Experience, EVP / Employer Branding, Internal Communications, Purpose,  Values & Culture","Financial Services, FMCG, Government, Healthcare, Not-for-Profit, Oil,  Gas,  and Mining, Pharmaceutical, Professional Services, Retail, Technology,  Information and Media, Scale-up, Start-up"
Common Ground,"Brand Strategy, Creative Production, Video Production, Social & Influencer Marketing",B2B
2050London,"Brand Design, Graphic Design, Proposition Design, Advertising, Brand Strategy, Social Media, Creative Production, Copywriting, Video Production, Purpose,  Values & Culture","Alcoholic Beverages, Automotive, Entertainment, Fashion, Financial Services, FMCG, Food and Beverage Services, Gaming, Government, Grocery, Healthcare, Not-for-Profit, Professional Services, Retail, Technology,  Information and Media, Telecommunications, Scale-up, Start-up"
Taxi Studio,"Brand Design, Brand Strategy, Creative Production",B2B
G-W,"Experience Strategy, New Venture Strategy, Product Strategy, Future Trends, Qualitative Research, Quantitative Research, Brand Design, Customer Experience Design, UX / UI Design, eCommerce & Marketplaces, Software Development, Web Development, Brand Strategy, Creative Production, Copywriting, SEO / SEM, Purpose,  Values & Culture","Automotive, Construction, Fashion, Financial Services, Grocery, Professional Services, Travel and Tourism, Scale-up"
Notepad Studio,"Business Strategy, CRM Strategy, Customer Strategy, Sustainability Strategy, Dashboarding & Measurement, Qualitative Research, Quantitative Research, Research Tools, Segmentation, Brand Design, Graphic Design, UX / UI Design, Web Development, Advertising, Brand Strategy, Social Media, Creative Production, Digital Campaign Development, Copywriting, Video Production, Corporate Communications, Events, Experiential Marketing, Media Buying, Media Strategy & Planning, PR, Employee Experience, EVP / Employer Branding, Internal Communications, Learning & Development, Purpose,  Values & Culture, Recruitment Campaigns","Construction, Education, FMCG, Gaming, Hospitality, Not-for-Profit, Professional Services, Real Estate, Technology,  Information and Media, Transportation,  Logistics,  Supply Chain and Storage, Scale-up, Start-up"
S+Co,"Spatial Design, Brand Strategy, Creative Production",B2B
Daughter Studio,"Business Strategy, Customer Strategy, Qualitative Research, Brand Design, Graphic Design, Proposition Design, UX / UI Design, Advertising, Brand Strategy, Social Media, Creative Production, Digital Campaign Development, Copywriting, Video Production, Corporate Communications, PR, Shopper / PoS marketing, Internal Communications, Purpose,  Values & Culture, Recruitment Campaigns","Alcoholic Beverages, Automotive, Beauty, Education, Entertainment, Fashion, Financial Services, FMCG, Food and Beverage Services, Government, Grocery, Hospitality, Industry Associations, Manufacturing, Not-for-Profit, Professional Services, Technology,  Information and Media, Travel and Tourism, Utilities, Scale-up, Start-up"
LUX,"Brand Design, Brand Strategy, Copywriting, Creative Production, Social Media, Experiential Marketing, Shopper / PoS Marketing",B2B
The Ninety Niners,,
Frontier,"Customer Strategy, Digital Strategy, Growth & Innovation Strategy, Product Strategy, Sustainability Strategy, Brand Strategy, Graphic Design, Employee Experience, EVP / Employer Branding, Purpose,  Values & Culture","Beauty, FMCG, Food and Beverage Services, Not-for-Profit, Professional Services, QSR (Quick Service Restaurant), Retail, Scale-up"
Ollie & Co,"Brand Design, Graphic Design, eCommerce & Marketplaces, Web Development, Brand Strategy, Creative Production, Digital Campaign Development","Beauty, Fashion, FMCG, Food and Beverage Services, Hospitality, Pharmaceutical, Retail, Technology,  Information and Media, Scale-up, Start-up"
JOY,"Customer Strategy, Brand Design, Graphic Design, UX & UI Design, Advertising, Brand Strategy, Copywriting, Creative Production, Digital Campaign Development, Social Media, Video Production, Digital Performance Marketing, Media Buying, Media Strategy & Planning, SEO / SEM, Social & Influencer Marketing, Change Management, Employee Experience, EVP / Employer Branding, Internal Communications, Purpose, Values & Culture, Purpose, Values & Culture",B2B
Quicksand Design Studio,"Business Strategy, Customer Strategy, Digital Strategy, Experience Strategy, Growth & Innovation Strategy, New Venture Strategy, Product Strategy, Data Visualisation, Future Trends, Qualitative Research, Research Tools, Segmentation, Customer Experience Design, Graphic Design, Proposition Design, Service Design, UX / UI Design, AR / VR, Mobile App Development, Software Development, Web Development, Creative Production, Video Production, Employee Experience","Alcoholic Beverages, Education, Financial Services, FMCG, Food and Beverage Services, Gaming, Government, Healthcare, Not-for-Profit, QSR (Quick Service Restaurant), Retail, Technology,  Information and Media, Transportation,  Logistics,  Supply Chain and Storage, Scale-up, Start-up"
Apex1,"Business Strategy, CRM Strategy, Customer Strategy, Data Strategy, Digital Strategy, Experience Strategy, Growth & Innovation Strategy, Loyalty Strategy, New Venture Strategy, Product Strategy, Sustainability Strategy, Brand Design, Customer Experience Design, Graphic Design, Proposition Design, UX / UI Design, eCommerce & Marketplaces, Mobile App Development, Software Development, Web Development, Brand Strategy, Social Media, Digital Campaign Development, Copywriting, Video Production, Corporate Communications, Digital Performance Marketing, PR, SEO / SEM","Administrative and Support Services, Automotive, Beauty, Construction, Education, Entertainment, Fashion, Financial Services, Industry Associations, Manufacturing, Professional Services, Real Estate, Retail, Technology,  Information and Media, Utilities, Scale-up, Start-up"
Secret Source Marketing,"Business Strategy, CRM Strategy, Customer Strategy, Data Strategy, Digital Strategy, Experience Strategy, Growth & Innovation Strategy, Loyalty Strategy, New Venture Strategy, Product Strategy, Sustainability Strategy, Customer Data Platforms, Dashboarding & Measurement, Data Analytics, MarTech Consulting, ROl Optimisation, Segmentation, Brand Design, Customer Experience Design, Graphic Design, UX / UI Design, CMS / DXP, CRM Implementation, MarTech Implementation, Mobile App Development, Web Development, Brand Strategy, Social Media, Creative Production, Digital Campaign Development, Copywriting, Video Production, Digital Performance Marketing, SEO / SEM, Social & Influencer Marketing, Internal Communications","Administrative and Support Services, Construction, Financial Services, Professional Services, Technology,  Information and Media, Transportation,  Logistics,  Supply Chain and Storage, Scale-up, Start-up"
SOLVNT,"Business Strategy, New Venture Strategy, Qualitative Research, Brand Design, Customer Experience Design, Graphic Design, UX / UI Design, Mobile App Development, Web Development, Brand Strategy, Social Media, Creative Production, Digital Campaign Development, Copywriting, Video Production, Events, Social & Influencer Marketing, Purpose,  Values & Culture","Alcoholic Beverages, Beauty, Fashion, Financial Services, Food and Beverage Services, Healthcare, Hospitality, Not-for-Profit, Travel and Tourism"
Three Whiskey,"Digital Strategy, Dashboarding & Measurement, Data Analytics, Data Visualisation, ROl Optimisation, Segmentation, Brand Design, Customer Experience Design, Graphic Design, Advertising, Brand Strategy, Social Media, Creative Production, Digital Campaign Development, Copywriting, Digital Performance Marketing, Media Buying, Media Strategy & Planning, SEO / SEM, Social & Influencer Marketing","Fashion, FMCG, Healthcare, Pharmaceutical, Real Estate"
Dupree International,"Business Strategy, Digital Strategy, Growth & Innovation Strategy, Qualitative Research, Quantitative Research, Brand Design, Graphic Design, Web Development, Advertising, Brand Strategy, Social Media, Creative Production, Digital Campaign Development, Copywriting, Video Production, Corporate Communications, Digital Performance Marketing, Events, Experiential Marketing, Media Buying, Media Strategy & Planning, PR, SEO / SEM, Social & Influencer Marketing, EVP / Employer Branding, Internal Communications, Purpose,  Values & Culture","Alcoholic Beverages, Automotive, Beauty, Construction, Education, Entertainment, Fashion, Financial Services, FMCG, Food and Beverage Services, Gaming, Government, Grocery, Healthcare, Hospitality, Industry Associations, Manufacturing, Not-for-Profit, Oil,  Gas,  and Mining, Pharmaceutical, Professional Services, Real Estate, Retail, Technology,  Information and Media, Telecommunications, Transportation,  Logistics,  Supply Chain and Storage, Travel and Tourism, Utilities, Scale-up, Start-up"
Blue Feathers,"Business Strategy, CRM Strategy, Customer Strategy, Experience Strategy, Growth & Innovation Strategy, Loyalty Strategy, Product Strategy, Sustainability Strategy, Future Trends, Brand Strategy, Change Management, Employee Experience, EVP / Employer Branding, Internal Communications, Learning & Development, Purpose,  Values & Culture","Alcoholic Beverages, Beauty, Education, Entertainment, Fashion, Financial Services, FMCG, Grocery, Healthcare, Oil,  Gas,  and Mining, Retail, Travel and Tourism, Utilities"
MB&a,"Growth & Innovation Strategy, Product Strategy, Sustainability Strategy, Qualitative Research, Purpose,  Values & Culture","Automotive, Beauty, Fashion, Financial Services, FMCG, Grocery, Healthcare, Manufacturing, Pharmaceutical, Professional Services, Retail"
TheDesignThinkers,"Business Strategy, Customer Strategy, Experience Strategy, Growth & Innovation Strategy, New Venture Strategy, Product Strategy, Brand Design, Customer Experience Design, Graphic Design, Proposition Design, Service Design, Spatial Design, Brand Strategy, Social Media, Copywriting, Corporate Communications, Events, Experiential Marketing, Change Management, Employee Experience, EVP / Employer Branding, Internal Communications, Purpose,  Values & Culture","Automotive, Beauty, Construction, Education, Fashion, Financial Services, Healthcare, Real Estate, Retail, Travel and Tourism"
Manifest Group,"Sustainability Strategy, Future Trends, Qualitative Research, Quantitative Research, Segmentation, Advertising, Brand Strategy, Social Media, Creative Production, Digital Campaign Development, Copywriting, Video Production, Production Management, Corporate Communications, Events, Experiential Marketing, PR, SEO / SEM, Social & Influencer Marketing, Internal Communications, Learning & Development, Purpose,  Values & Culture","Alcoholic Beverages, Automotive, Beauty, Entertainment, Fashion, Financial Services, FMCG, Gaming, Government, Grocery, Healthcare, Hospitality, Not-for-Profit, Pharmaceutical, Professional Services, QSR (Quick Service Restaurant), Real Estate, Retail, Technology,  Information and Media, Transportation,  Logistics,  Supply Chain and Storage, Travel and Tourism, Scale-up, Start-up"
I-AM,"Brand Design, Customer Experience Design, Graphic Design, Proposition Design, Service Design, Spatial Design, UX / UI Design, Brand Strategy, Graphic Design","Education, Financial Services, Food and Beverage Services, Healthcare, Hospitality, Pharmaceutical, QSR (Quick Service Restaurant), Real Estate, Retail, Telecommunications, Scale-up, Start-up"
Ampel,"Business Strategy, Customer Strategy, Digital Strategy, Experience Strategy, Brand Design, Customer Experience Design, Advertising, Brand Strategy, Social Media, Creative Production, Audio Production, Editing, TV Production, Video Production, Corporate Communications, Events, Change Management, Employee Experience, EVP / Employer Branding, Internal Communications, Learning & Development, Purpose,  Values & Culture, Recruitment Campaigns","Healthcare, Pharmaceutical, Technology,  Information and Media"
Sketch & Co,,
Blood Orange Film,"Advertising, Social Media, Creative Production, Video Production, Animation, Editing, Motion Graphics, Video Production","Alcoholic Beverages, Automotive, Beauty, Education, Entertainment, Fashion, Food and Beverage Services, Grocery, Healthcare, Manufacturing, Not-for-Profit, Pharmaceutical, Professional Services, Real Estate, Retail, Telecommunications, Transportation,  Logistics,  Supply Chain and Storage, Travel and Tourism, Scale-up, Start-up"
Polar Media House,"Graphic Design, Brand Strategy, Social Media, Creative Production, Copywriting, Video Production, Editing, Graphic Design, Photography, Video Production","Fashion, Food and Beverage Services, Start-up"
Mighty Nice,"AR / VR, Creative Production, Digital Campaign Development, Copywriting, Video Production, Animation, Graphic Design, Illustration, Motion Graphics, TV Production, Video Production","Automotive, Education, Entertainment, Financial Services, FMCG, Government, Healthcare, Not-for-Profit, Retail"
Snackable Media,"Advertising, Brand Strategy, Social Media, Creative Production, Digital Campaign Development, Copywriting, Video Production, Animation, Audio Production, Editing, Illustration, Motion Graphics, Photography, Production Management, TV Production, Video Production","Alcoholic Beverages, Automotive, Beauty, Fashion, Financial Services, FMCG, Food and Beverage Services, Hospitality, Travel and Tourism, Scale-up"
Brothers & Sisters,"Advertising, Brand Strategy, Social Media, Creative Production, Digital Campaign Development, Copywriting, Video Production","Automotive, Beauty, Entertainment, Fashion, Financial Services, FMCG, Food and Beverage Services, Grocery, Not-for-Profit, Technology,  Information and Media, Telecommunications, Travel and Tourism, Utilities, Scale-up"
SAND visuals,"Creative Production, Video Production, Animation, Editing, Graphic Design, Illustration, Motion Graphics, Production Management, TV Production, Video Production","FMCG, Manufacturing, Retail, Technology,  Information and Media"
Pavilion Works,"Creative Production, Social Media, Video Production",B2B
Orange Panther Collective,"Business Strategy, Digital Strategy, Product Strategy, Qualitative Research, Quantitative Research, Segmentation, Brand Design, Graphic Design, Proposition Design, UX / UI Design, Web Development, Advertising, Brand Strategy, Social Media, Creative Production, Digital Campaign Development, Copywriting, Video Production","Alcoholic Beverages, Beauty, Entertainment, FMCG, Food and Beverage Services, Grocery, QSR (Quick Service Restaurant), Retail, Technology,  Information and Media, Telecommunications, Travel and Tourism, Scale-up, Start-up"
RANKIN CREATIVE,"Business Strategy, Digital Strategy, Growth & Innovation Strategy, Loyalty Strategy, New Venture Strategy, Product Strategy, Sustainability Strategy, Future Trends, Qualitative Research, Research Tools, Segmentation, Brand Design, Customer Experience Design, Graphic Design, Proposition Design, Advertising, Brand Strategy, Social Media, Creative Production, Digital Campaign Development, Copywriting, Video Production, Audio Production, Editing, Graphic Design, Motion Graphics, Photography, Production Management, TV Production, Video Production, Events, PR, Social & Influencer Marketing, Change Management, Employee Experience, EVP / Employer Branding, Internal Communications, Purpose,  Values & Culture","Administrative and Support Services, Alcoholic Beverages, Automotive, Beauty, Education, Entertainment, Fashion, Financial Services, FMCG, Food and Beverage Services, Gaming, Government, Grocery, Healthcare, Hospitality, Industry Associations, Manufacturing, Not-for-Profit, Pharmaceutical, Real Estate, Retail, Technology,  Information and Media, Telecommunications, Transportation,  Logistics,  Supply Chain and Storage, Travel and Tourism, Utilities, Scale-up, Start-up"
Allied Global Marketing,"Business Strategy, CRM Strategy, Customer Strategy, Data Strategy, Digital Strategy, Experience Strategy, Growth & Innovation Strategy, Loyalty Strategy, Product Strategy, Customer Data Platforms, Dashboarding & Measurement, Data Analytics, Data Visualisation, Future Trends, MarTech Consulting, Qualitative Research, Quantitative Research, Research Tools, ROl Optimisation, Segmentation, Brand Design, Customer Experience Design, Graphic Design, Service Design, Spatial Design, UX / UI Design, AR / VR, Artificial Intelligence, CMS / DXP, CRM Implementation, eCommerce & Marketplaces, MarTech Implementation, Software Development, Web Development, Advertising, Brand Strategy, Social Media, Creative Production, Digital Campaign Development, Copywriting, Video Production, Corporate Communications, Digital Performance Marketing, Events, Experiential Marketing, Media Buying, Media Strategy & Planning, PR, SEO / SEM, Social & Influencer Marketing, Employee Experience, Internal Communications, Recruitment Campaigns","Alcoholic Beverages, Beauty, Entertainment, Fashion, FMCG, Food and Beverage Services, Gaming, Hospitality, QSR (Quick Service Restaurant), Retail, Technology,  Information and Media, Travel and Tourism"
SLIK,"Digital Strategy, Experience Strategy, Loyalty Strategy, Data Visualisation, Brand Design, Customer Experience Design, Graphic Design, Proposition Design, UX / UI Design, AR / VR, MarTech Implementation, Mobile App Development, Software Development, Web Development, Advertising, Brand Strategy, Social Media, Creative Production, Digital Campaign Development, Copywriting, Video Production, Digital Performance Marketing","Alcoholic Beverages, Financial Services, FMCG, Grocery, Not-for-Profit, Telecommunications, Travel and Tourism, Start-up"
Chello,"Brand Design, Graphic Design, Proposition Design, UX / UI Design, Advertising, Brand Strategy, Creative Production, Digital Campaign Development, Copywriting, Video Production","Automotive, Education, Financial Services, FMCG, Government, Professional Services, Real Estate, Technology,  Information and Media, Scale-up"
DO. Agency,"Brand Design, Graphic Design, UX & UI Design, Advertising, Brand Strategy, Copywriting, Creative Production, Digital Campaign Development, Social Media, Video Production, Social & Influencer Marketing",B2B
Common Ventures,"Customer Strategy, Digital Strategy, Experience Strategy, Growth & Innovation Strategy, New Venture Strategy, Data Analytics, Data Visualisation, Qualitative Research, Quantitative Research, Research Tools, ROl Optimisation, Brand Design, Customer Experience Design, Graphic Design, Service Design, UX / UI Design, CMS / DXP, CRM Implementation, Mobile App Development, Software Development, Web Development, Advertising, Brand Strategy, Social Media, Creative Production, Digital Campaign Development, Copywriting, Video Production, Corporate Communications","Administrative and Support Services, Alcoholic Beverages, Beauty, Education, Entertainment, Fashion, Financial Services, FMCG, Food and Beverage Services, Government, Healthcare, Hospitality, Not-for-Profit, Professional Services, Real Estate, Retail, Technology,  Information and Media, Telecommunications, Transportation,  Logistics,  Supply Chain and Storage, Travel and Tourism, Start-up"
Yonder Media,"Customer Strategy, Digital Strategy, Experience Strategy, Customer Experience Design, Digital Performance Marketing, Media Buying, Media Strategy & Planning, Social & Influencer Marketing","Beauty, Construction, Fashion, FMCG, Food and Beverage Services, Grocery, Not-for-Profit, Professional Services, QSR (Quick Service Restaurant), Retail, Scale-up, Start-up"
Cutwater,"Business Strategy, Customer Strategy, Digital Strategy, Growth & Innovation Strategy, Loyalty Strategy, Dashboarding & Measurement, Data Analytics, Qualitative Research, Quantitative Research, Research Tools, ROl Optimisation, Segmentation, Brand Design, Advertising, Brand Strategy, Social Media, Creative Production, Digital Campaign Development, Copywriting, Video Production, Corporate Communications, Digital Performance Marketing, Events, Experiential Marketing, Media Buying, Media Strategy & Planning, SEO / SEM, Social & Influencer Marketing, Internal Communications, Purpose,  Values & Culture","Alcoholic Beverages, Beauty, Entertainment, Fashion, Financial Services, FMCG, Food and Beverage Services, Gaming, Healthcare, Hospitality, Not-for-Profit, Technology,  Information and Media, Travel and Tourism, Scale-up, Start-up"
Ayo Banton,"Blockchain / Web 3, Advertising, Brand Strategy, Creative Production, Digital Campaign Development, Social Media",B2B
Hell Yeah!,"Advertising, Creative Production",B2B
Oxara London,UX / UI Design,Financial Services
Stride,"Brand Design, Graphic Design, Brand Strategy","Food and Beverage Services, Manufacturing, Not-for-Profit"
bbp,"Customer Strategy, Digital Strategy, Growth & Innovation Strategy, Data Visualisation, Qualitative Research, Quantitative Research, Research Tools, Segmentation, Brand Design, Customer Experience Design, Graphic Design, Proposition Design, Service Design, Spatial Design, UX / UI Design, Web Development, Advertising, Brand Strategy, Social Media, Creative Production, Digital Campaign Development, Copywriting, Video Production, Corporate Communications, Digital Performance Marketing, Events, Experiential Marketing, Media Strategy & Planning, SEO / SEM, Change Management, Employee Experience, EVP / Employer Branding, Internal Communications, Purpose,  Values & Culture, Recruitment Campaigns","Automotive, Construction, Education, Financial Services, Government, Healthcare, Industry Associations, Manufacturing, Not-for-Profit, Oil,  Gas,  and Mining, Pharmaceutical, Professional Services, Technology,  Information and Media, Telecommunications, Transportation,  Logistics,  Supply Chain and Storage, Utilities, Scale-up, Start-up"
HeyBigMan!,"Brand Design, Customer Experience Design, Graphic Design, Proposition Design, Service Design, Spatial Design, UX / UI Design, Blockchain / Web 3, Web Development, Advertising, Brand Strategy, Social Media, Creative Production, Digital Campaign Development, Copywriting, Video Production, Corporate Communications, Digital Performance Marketing, Events, Social & Influencer Marketing","Administrative and Support Services, Alcoholic Beverages, Beauty, Not-for-Profit, Travel and Tourism, Scale-up, Start-up"
Seven Stone Collective,,
off brand.,"Business Strategy, CRM Strategy, Data Strategy, Digital Strategy, Growth & Innovation Strategy, Product Strategy, Dashboarding & Measurement, Data Visualisation, Brand Design, Customer Experience Design, Graphic Design, Service Design, UX / UI Design, Blockchain / Web 3, CRM Implementation, eCommerce & Marketplaces, Software Development, Web Development, Brand Strategy, Creative Production, Digital Campaign Development, Copywriting, Video Production, SEO / SEM, Change Management, Purpose,  Values & Culture","Education, Financial Services, Gaming, Healthcare, Technology,  Information and Media"
Salamandra.uk Animation Studios,"Digital Strategy, New Venture Strategy, Product Strategy, Brand Design, Graphic Design, AR / VR, Advertising, Brand Strategy, Social Media, Creative Production, Digital Campaign Development, Copywriting, Video Production, Animation, Audio Production, Editing, Graphic Design, Illustration, Motion Graphics, Photography, Production Management, TV Production, Video Production, Corporate Communications, Digital Performance Marketing, Events, Experiential Marketing, Media Buying, Media Strategy & Planning, Internal Communications, Purpose,  Values & Culture","Education, Entertainment, Financial Services, Gaming, Healthcare, Hospitality, Manufacturing, Not-for-Profit, Pharmaceutical, Professional Services, Technology,  Information and Media, Telecommunications, Transportation,  Logistics,  Supply Chain and Storage, Travel and Tourism, Utilities, Scale-up, Start-up"
The Bang,"Brand Design, UX & UI Design, Blockchain / Web 3, Web Development",B2B
Harrison,Customer Experience Design,Hospitality
Ordinary Media,"Brand Design, Graphic Design, UX / UI Design, Web Development, Digital Campaign Development, Digital Performance Marketing, Media Buying, Media Strategy & Planning, SEO / SEM","Construction, Financial Services, Professional Services, Technology,  Information and Media, Start-up"
Spin Brands,"Digital Strategy, Growth & Innovation Strategy, Dashboarding & Measurement, Data Analytics, Data Visualisation, ROl Optimisation, Graphic Design, AR / VR, Social Media, Creative Production, Copywriting, Video Production, Digital Performance Marketing, Media Buying, Media Strategy & Planning, Social & Influencer Marketing","Administrative and Support Services, Alcoholic Beverages, Automotive, Beauty, Construction, Education, Entertainment, Fashion, Financial Services, FMCG, Food and Beverage Services, Gaming, Government, Grocery, Healthcare, Hospitality, Industry Associations, Manufacturing, Not-for-Profit, Oil,  Gas,  and Mining, Pharmaceutical, Professional Services, QSR (Quick Service Restaurant), Real Estate, Retail, Technology,  Information and Media, Telecommunications, Transportation,  Logistics,  Supply Chain and Storage, Travel and Tourism, Utilities, Scale-up, Start-up"
Above+Beyond,"Brand Design, Graphic Design, Proposition Design, UX / UI Design, Blockchain / Web 3, Mobile App Development, Advertising, Brand Strategy, Social Media, Creative Production, Digital Campaign Development, Copywriting, Video Production, Experiential Marketing, Social & Influencer Marketing","Beauty, Entertainment, Fashion, FMCG, Food and Beverage Services, Gaming, Grocery, Not-for-Profit, Professional Services, QSR (Quick Service Restaurant), Retail, Scale-up"
Nonsensical,"Advertising, Social Media, Creative Production, Video Production, Social & Influencer Marketing","Beauty, Education, Entertainment, Fashion, Financial Services, FMCG, Gaming, Government, Grocery, Healthcare, QSR (Quick Service Restaurant), Real Estate, Retail, Technology,  Information and Media, Telecommunications, Travel and Tourism, Scale-up"
In Marketing We Trust,"Data Strategy, Digital Strategy, Customer Data Platforms, Dashboarding & Measurement, Data Analytics, Data Visualisation, MarTech Consulting, Quantitative Research, CMS / DXP, eCommerce & Marketplaces, Advertising, Social Media, Digital Campaign Development, Copywriting, SEO / SEM","Alcoholic Beverages, Automotive, Education, Financial Services, Government, Healthcare, Not-for-Profit, Real Estate, Retail, Travel and Tourism"
NorthSouth Advertising,"Dashboarding & Measurement, Data Visualisation, Advertising, Brand Strategy, Social Media, Digital Performance Marketing, Media Strategy & Planning, SEO / SEM","Alcoholic Beverages, Automotive, Beauty, Fashion, Financial Services, FMCG, Professional Services, Retail, Travel and Tourism, Utilities, Start-up"
Shines Digital,"Business Strategy, CRM Strategy, Customer Strategy, Data Strategy, Digital Strategy, Growth & Innovation Strategy, Loyalty Strategy, New Venture Strategy, Dashboarding & Measurement, Data Analytics, ROl Optimisation, Segmentation, Graphic Design, Advertising, Social Media, Creative Production, Digital Campaign Development, Copywriting, Digital Performance Marketing, Media Buying, Media Strategy & Planning, SEO / SEM, Social & Influencer Marketing","Automotive, Beauty, Education, Fashion, Financial Services, FMCG, Grocery, Retail, Travel and Tourism, Utilities, Scale-up"
Acwire,eCommerce & Marketplaces,B2B
Neu,"Growth & Innovation Strategy, Product Strategy, eCommerce & Marketplaces, Software Development, Web Development",B2B
Stakk,"Digital Strategy, Experience Strategy, Product Strategy, Brand Design, Customer Experience Design, Graphic Design, Service Design, UX / UI Design, AR / VR, Artificial Intelligence, Blockchain / Web 3, CMS / DXP, CRM Implementation, eCommerce & Marketplaces, Mobile App Development, Software Development, Web Development","Administrative and Support Services, Construction, Education, Entertainment, Financial Services, Healthcare, Hospitality, Not-for-Profit, Retail, Technology,  Information and Media, Transportation,  Logistics,  Supply Chain and Storage, Travel and Tourism, Scale-up, Start-up"
Coredo,"Business Strategy, Customer Strategy, Digital Strategy, Growth & Innovation Strategy, New Venture Strategy, Sustainability Strategy, Customer Data Platforms, Data Visualisation, eCommerce & Marketplaces, Mobile App Development, Software Development, Web Development","Construction, Healthcare, Manufacturing, Professional Services, Scale-up, Start-up"
Solution17,"Graphic Design, eCommerce & Marketplaces, Mobile App Development, Software Development, Web Development, Digital Campaign Development, Social Media, SEO / SEM",B2B
"ADAMAPP, LTD.","Artificial Intelligence, Mobile App Development, Software Development, Web Development",B2B
xDesign,"Business Strategy, Customer Strategy, Data Strategy, Digital Strategy, Experience Strategy, Growth & Innovation Strategy, Loyalty Strategy, New Venture Strategy, Product Strategy, Sustainability Strategy, Customer Data Platforms, Dashboarding & Measurement, Data Analytics, Data Visualisation, Future Trends, Brand Design, Customer Experience Design, Graphic Design, Proposition Design, Service Design, Spatial Design, UX / UI Design, AR / VR, Artificial Intelligence, Blockchain / Web 3, CMS / DXP, CRM Implementation, eCommerce & Marketplaces, MarTech Implementation, Mobile App Development, Software Development, Web Development, Change Management, Employee Experience, EVP / Employer Branding, Internal Communications, Learning & Development, Purpose,  Values & Culture, Recruitment Campaigns","Administrative and Support Services, Alcoholic Beverages, Automotive, Beauty, Construction, Education, Entertainment, Fashion, Financial Services, FMCG, Food and Beverage Services, Gaming, Government, Grocery, Healthcare, Hospitality, Industry Associations, Manufacturing, Not-for-Profit, Oil,  Gas,  and Mining, Pharmaceutical, Professional Services, QSR (Quick Service Restaurant), Real Estate, Retail, Technology,  Information and Media, Telecommunications, Transportation,  Logistics,  Supply Chain and Storage, Travel and Tourism, Utilities, Scale-up, Start-up"
OHMY,"Digital Strategy, Experience Strategy, Product Strategy, Data Visualisation, Research Tools, Brand Design, Customer Experience Design, Graphic Design, Proposition Design, Service Design, UX / UI Design, CMS / DXP, CRM Implementation, eCommerce & Marketplaces, Mobile App Development, Web Development, Advertising, Brand Strategy, Social Media, Creative Production, Digital Campaign Development, Copywriting, Video Production","Automotive, Financial Services, Food and Beverage Services, Gaming, Government, Healthcare, Hospitality, Pharmaceutical, Professional Services, Real Estate, Technology,  Information and Media, Travel and Tourism, Scale-up, Start-up"
Loomery,"Customer Strategy, Digital Strategy, Experience Strategy, Growth & Innovation Strategy, Product Strategy, Dashboarding & Measurement, Data Analytics, MarTech Consulting, Qualitative Research, Segmentation, Customer Experience Design, Proposition Design, Service Design, UX / UI Design, AR / VR, Artificial Intelligence, Blockchain / Web 3, CRM Implementation, eCommerce & Marketplaces, MarTech Implementation, Mobile App Development, Software Development, Web Development, Change Management, Employee Experience","Alcoholic Beverages, Automotive, Education, Entertainment, Financial Services, FMCG, Food and Beverage Services, Government, Grocery, Professional Services, Retail, Scale-up, Start-up"
Smartshore Ability,"Business Strategy, Customer Strategy, Digital Strategy, Experience Strategy, Growth & Innovation Strategy, New Venture Strategy, Product Strategy, Dashboarding & Measurement, Data Visualisation, Customer Experience Design, Proposition Design, Service Design, UX / UI Design, Artificial Intelligence, CMS / DXP, CRM Implementation, eCommerce & Marketplaces, Mobile App Development, Software Development, Web Development","Administrative and Support Services, Education, Fashion, Government, Industry Associations, Not-for-Profit, Professional Services, Real Estate, Technology,  Information and Media, Scale-up, Start-up"
SystemSeed,"UX & UI Design, Mobile App Development, Software Development, Web Development",B2B
Nibble Digital,"Digital Strategy, UX / UI Design, Web Development, Creative Production","Financial Services, Professional Services"
Hedgehog Lab,,
Dark Blue,"Digital Strategy, New Venture Strategy, Brand Design, UX / UI Design, AR / VR, CMS / DXP, eCommerce & Marketplaces, Mobile App Development, Software Development, Web Development","Financial Services, Healthcare, Hospitality, Retail, Travel and Tourism, Start-up"
Recursive,"AR/VR, Artificial Intelligence, Mobile App Development, Software Development, Web Development, Experiential Marketing",B2B
Synthetic,"AR/VR, Artificial Intelligence, Blockchain / Web 3, Mobile App Development, Software Development, Web Development",B2B
The Distance App Developers,"Digital Strategy, Product Strategy, UX / UI Design, Mobile App Development, Software Development, Web Development","Education, Financial Services, Healthcare, Technology,  Information and Media, Travel and Tourism, Start-up"
Sitback Solutions,"Brand Design, Customer Experience Design, Graphic Design, Proposition Design, Service Design, Spatial Design, UX / UI Design, CMS / DXP, eCommerce & Marketplaces, Software Development, Web Development","Automotive, Education, Entertainment, Financial Services, Government, Industry Associations, Not-for-Profit, Travel and Tourism"
Courageous,"eCommerce & Marketplaces, Software Development, Web Development, Creative Production, Digital Campaign Development",B2B
Solace Digital,"Brand Design, Customer Experience Design, Graphic Design, UX / UI Design, CMS / DXP, CRM Implementation, eCommerce & Marketplaces, MarTech Implementation, Mobile App Development, Software Development, Web Development, Brand Strategy, Social Media, Digital Campaign Development, Corporate Communications, Digital Performance Marketing","Construction, Financial Services, Government, Manufacturing, Professional Services, Utilities, Scale-up, Start-up"
Nzime,"Business Strategy, CRM Strategy, Customer Strategy, Data Strategy, Digital Strategy, Experience Strategy, Growth & Innovation Strategy, Loyalty Strategy, New Venture Strategy, Product Strategy, Sustainability Strategy, Customer Data Platforms, Dashboarding & Measurement, Data Analytics, Data Visualisation, Future Trends, MarTech Consulting, Qualitative Research, Quantitative Research, Research Tools, ROl Optimisation, Brand Design, Customer Experience Design, Graphic Design, Proposition Design, Service Design, UX / UI Design, Blockchain / Web 3, CMS / DXP, CRM Implementation, eCommerce & Marketplaces, MarTech Implementation, Mobile App Development, Software Development, Web Development, Advertising, Brand Strategy, Social Media, Creative Production, Digital Campaign Development, Video Production, Corporate Communications, Digital Performance Marketing, Experiential Marketing, Media Strategy & Planning, SEO / SEM, Shopper / PoS marketing, Social & Influencer Marketing, Change Management, Employee Experience, EVP / Employer Branding, Internal Communications, Learning & Development, Purpose,  Values & Culture, Recruitment Campaigns","Administrative and Support Services, Automotive, Construction, Education, Entertainment, Food and Beverage Services, Gaming, Healthcare, Manufacturing, Not-for-Profit, Pharmaceutical, Professional Services, Real Estate, Retail, Technology,  Information and Media, Telecommunications, Transportation,  Logistics,  Supply Chain and Storage, Travel and Tourism, Utilities, Scale-up, Start-up"
Bridge Studio,,
Curious Ways,"Proposition Design, UX & UI Design, Web Development, Brand Strategy",B2B
Akcelo,"Business Strategy, CRM Strategy, Customer Strategy, Data Strategy, Digital Strategy, Experience Strategy, Growth & Innovation Strategy, Loyalty Strategy, New Venture Strategy, Customer Data Platforms, Dashboarding & Measurement, Data Analytics, Data Visualisation, Future Trends, MarTech Consulting, Qualitative Research, Quantitative Research, Research Tools, ROl Optimisation, Segmentation, Brand Design, Customer Experience Design, Graphic Design, Proposition Design, Service Design, Spatial Design, UX / UI Design, CMS / DXP, CRM Implementation, eCommerce & Marketplaces, MarTech Implementation, Mobile App Development, Software Development, Web Development, Advertising, Brand Strategy, Social Media, Creative Production, Digital Campaign Development, Copywriting, Video Production, Events, Experiential Marketing, PR, Shopper / PoS marketing, Social & Influencer Marketing, EVP / Employer Branding, Purpose,  Values & Culture, Recruitment Campaigns","Alcoholic Beverages, Automotive, Beauty, Construction, Education, Entertainment, Financial Services, FMCG, Food and Beverage Services, Healthcare, Industry Associations, QSR (Quick Service Restaurant), Retail, Technology,  Information and Media, Telecommunications, Travel and Tourism, Scale-up"
Sparksfly,"Business Strategy, Customer Strategy, Digital Strategy, Experience Strategy, Growth & Innovation Strategy, New Venture Strategy, Product Strategy, Sustainability Strategy, Future Trends, Qualitative Research, Quantitative Research, Research Tools, Segmentation, Customer Experience Design, Proposition Design, Service Design, UX / UI Design, Change Management, Employee Experience, Purpose,  Values & Culture","Construction, Financial Services, Government, Manufacturing, Professional Services, Technology,  Information and Media, Transportation,  Logistics,  Supply Chain and Storage, Utilities"
UNPITCHD,"Customer Strategy, Growth & Innovation Strategy, New Venture Strategy",B2B
Josephmark,"Customer Strategy, Growth & Innovation Strategy, Product Strategy, Brand Design, Graphic Design, UX & UI Design, Mobile App Development, Web Development, Brand Strategy, Creative Production, Social Media, Video Production",B2B
Ellipsis,"CRM Strategy, Customer Strategy, Data Strategy, Loyalty Strategy, Data Analytics, Data Visualisation, MarTech Consulting, ROl Optimisation, Segmentation","Automotive, Beauty, Entertainment, Fashion, Financial Services, Grocery, Healthcare, Professional Services, QSR (Quick Service Restaurant), Retail, Technology,  Information and Media, Telecommunications, Travel and Tourism, Utilities"
Houston Group,"Customer Strategy, Experience Strategy, Growth & Innovation Strategy, Brand Design, Graphic Design, Spatial Design, Brand Strategy, Employee Experience, EVP / Employer Branding, Purpose, Values & Culture, Purpose, Values & Culture",B2B
PALO IT,"Product Strategy, Qualitative Research, Quantitative Research, Customer Experience Design, Graphic Design, Service Design, UX / UI Design, AR / VR, Artificial Intelligence, Blockchain / Web 3, eCommerce & Marketplaces, Mobile App Development, Software Development, Web Development",Financial Services
Matic Digital,"Business Strategy, Digital Strategy, Experience Strategy, Growth & Innovation Strategy, Loyalty Strategy, New Venture Strategy, Product Strategy, Dashboarding & Measurement, Data Analytics, Data Visualisation, Brand Design, Customer Experience Design, Graphic Design, Service Design, UX / UI Design, CMS / DXP, CRM Implementation, eCommerce & Marketplaces, MarTech Implementation, Mobile App Development, Software Development, Web Development, Brand Strategy, Creative Production, Digital Campaign Development, Copywriting, Digital Performance Marketing, Experiential Marketing, SEO / SEM, Change Management, Employee Experience, EVP / Employer Branding, Learning & Development, Purpose,  Values & Culture","Alcoholic Beverages, Automotive, Construction, Education, Entertainment, Fashion, Financial Services, Food and Beverage Services, Government, Healthcare, Hospitality, Not-for-Profit, Pharmaceutical, Professional Services, QSR (Quick Service Restaurant), Retail, Technology,  Information and Media, Travel and Tourism, Scale-up, Start-up"
San Digital,"Customer Experience Design, UX & UI Design, Mobile App Development, Software Development, Web Development",B2B
Comuzi,"Customer Experience Design, Proposition Design, Service Design",B2B
Glue,"Customer Experience Design, Proposition Design, Service Design, UX & UI Design",B2B
Prime Holding JSC,"Data Strategy, Digital Strategy, Growth & Innovation Strategy, New Venture Strategy, Product Strategy, Sustainability Strategy, Customer Data Platforms, Dashboarding & Measurement, Data Analytics, Data Visualisation, Future Trends, Customer Experience Design, Graphic Design, Service Design, UX / UI Design, Artificial Intelligence, Blockchain / Web 3, Mobile App Development, Software Development, Web Development","Automotive, Education, Entertainment, FMCG, Government, Healthcare, Hospitality, Real Estate, Technology,  Information and Media, Transportation,  Logistics,  Supply Chain and Storage, Scale-up, Start-up"
Muteo,"Digital Strategy, Experience Strategy, Product Strategy, Brand Design, Customer Experience Design, UX / UI Design, Brand Strategy","Automotive, Financial Services, Healthcare, Real Estate, Telecommunications, Start-up"
William Joseph,"Business Strategy, Customer Strategy, Data Strategy, Digital Strategy, Experience Strategy, Growth & Innovation Strategy, Loyalty Strategy, New Venture Strategy, Product Strategy, Dashboarding & Measurement, Data Analytics, Data Visualisation, MarTech Consulting, Qualitative Research, Quantitative Research, Research Tools, ROl Optimisation, Segmentation, Brand Design, Graphic Design, Proposition Design, Service Design, UX / UI Design, CMS / DXP, CRM Implementation, eCommerce & Marketplaces, Software Development, Web Development, Brand Strategy, Corporate Communications","Education, Government, Healthcare, Industry Associations, Not-for-Profit, Pharmaceutical"
Deepend,"Brand Design, Customer Experience Design, Graphic Design, Proposition Design, Service Design, UX & UI Design, CMS / DXP, Mobile App Development, Software Development, Web Development, Digital Performance Marketing, Media Strategy & Planning, SEO / SEM",B2B
Nimbletank,"Business Strategy, Customer Strategy, Digital Strategy, Experience Strategy, Loyalty Strategy, Product Strategy, Dashboarding & Measurement, Future Trends, Qualitative Research, Quantitative Research, Customer Experience Design, Proposition Design, Service Design, UX / UI Design, Software Development, Employee Experience","Alcoholic Beverages, Automotive, Education, Financial Services, Healthcare, Professional Services, Retail, Technology,  Information and Media, Utilities, Scale-up, Start-up"
VERSA AGENCY,"Customer Experience Design, Service Design, UX & UI Design, Artificial Intelligence, CMS / DXP, Mobile App Development, Software Development, Web Development",B2B
Wasamedia,"Brand Design, Graphic Design, Web Development, Advertising, Brand Strategy, Social Media, Creative Production, Copywriting, Video Production, Events, Media Strategy & Planning, PR, Social & Influencer Marketing","Alcoholic Beverages, Food and Beverage Services, Hospitality, QSR (Quick Service Restaurant), Travel and Tourism"
The Park,"Spatial Design, Advertising, Brand Strategy, Creative Production, Experiential Marketing",B2B
Raw.Studio,UX & UI Design,B2B
The Space at 9/2,"Brand Design, Spatial Design, UX & UI Design",B2B
Wonderful,"Digital Strategy, New Venture Strategy, Product Strategy, Data Analytics, MarTech Consulting, Qualitative Research, Quantitative Research, Research Tools, ROl Optimisation, Brand Design, Customer Experience Design, UX / UI Design, CMS / DXP, CRM Implementation, eCommerce & Marketplaces, MarTech Implementation, Mobile App Development, Web Development, Creative Production, Digital Campaign Development, Copywriting, Video Production, Digital Performance Marketing, SEO / SEM","Alcoholic Beverages, Construction, Education, Fashion, Financial Services, Food and Beverage Services, Government, Not-for-Profit, Professional Services, Technology,  Information and Media, Start-up"
MindArc,"Digital Strategy, Customer Data Platforms, Data Analytics, Customer Experience Design, UX / UI Design, eCommerce & Marketplaces, Web Development, Copywriting, SEO / SEM","Alcoholic Beverages, Beauty, Fashion, FMCG, Retail, Telecommunications"
Rival,"Business Strategy, Customer Strategy, UX & UI Design",B2B
Hypehack,"Business Strategy, Growth & Innovation Strategy, New Venture Strategy, Product Strategy, Future Trends, Qualitative Research, Research Tools, Segmentation, Brand Design, Proposition Design, AR / VR, Blockchain / Web 3, Web Development, Advertising, Brand Strategy, Copywriting, PR, Change Management, Learning & Development, Purpose,  Values & Culture","Alcoholic Beverages, Automotive, Beauty, Financial Services, FMCG, Food and Beverage Services, Healthcare, Pharmaceutical, Retail, Technology,  Information and Media, Start-up"
Buddy Media,"Brand Strategy, Creative Production, Digital Campaign Development, Social Media, Digital Performance Marketing, Experiential Marketing, Media Buying, Media Strategy & Planning, SEO / SEM, Social & Influencer Marketing",B2B
The Kite Factory,"Customer Strategy, Data Strategy, Digital Strategy, Growth & Innovation Strategy, Customer Data Platforms, Dashboarding & Measurement, Data Analytics, Advertising, Digital Performance Marketing, Media Buying, Media Strategy & Planning","Alcoholic Beverages, Automotive, Beauty, Education, Entertainment, Financial Services, FMCG, Food and Beverage Services, Gaming, Grocery, Healthcare, Industry Associations, Not-for-Profit, Professional Services, Real Estate, Retail, Technology,  Information and Media, Travel and Tourism, Utilities, Scale-up, Start-up"
Balmer Agency,"Business Strategy, CRM Strategy, Customer Strategy, Digital Strategy, Experience Strategy, Growth & Innovation Strategy, Product Strategy, Future Trends, MarTech Consulting, Brand Design, Customer Experience Design, Graphic Design, UX / UI Design, CMS / DXP, CRM Implementation, eCommerce & Marketplaces, MarTech Implementation, Mobile App Development, Web Development, Advertising, Brand Strategy, Social Media, Creative Production, Digital Campaign Development, Copywriting, Video Production, Corporate Communications, Digital Performance Marketing, Events, Media Buying, Media Strategy & Planning, SEO / SEM, Social & Influencer Marketing, Internal Communications, Recruitment Campaigns","Administrative and Support Services, Automotive, Construction, Education, Fashion, Financial Services, FMCG, Government, Healthcare, Industry Associations, Manufacturing, Not-for-Profit, Professional Services, Real Estate, Retail, Transportation,  Logistics,  Supply Chain and Storage, Travel and Tourism, Utilities, Start-up"
Anchora,"Data Strategy, Digital Strategy, Customer Data Platforms, Dashboarding & Measurement, Data Analytics, Data Visualisation, MarTech Consulting, ROl Optimisation, Segmentation, CMS / DXP, CRM Implementation, eCommerce & Marketplaces, MarTech Implementation, Web Development, Change Management, Learning & Development","Financial Services, FMCG, Gaming, Healthcare, Professional Services, Retail, Technology,  Information and Media, Travel and Tourism"
Apadmi,"Experience Strategy, Growth & Innovation Strategy, Product Strategy",B2B
Path Ventures,"Business Strategy, Customer Strategy, Digital Strategy, Experience Strategy, Growth & Innovation Strategy, Loyalty Strategy, New Venture Strategy, Product Strategy, Future Trends, Qualitative Research, Quantitative Research, Customer Experience Design, Proposition Design, Service Design, UX / UI Design, Change Management, Employee Experience, Purpose,  Values & Culture","Financial Services, Government, Healthcare, Professional Services, Technology,  Information and Media, Telecommunications"
Snowmelt,"Business Strategy, CRM Strategy, Customer Strategy, Data Strategy, Digital Strategy, Experience Strategy, Growth & Innovation Strategy, Loyalty Strategy, New Venture Strategy, Product Strategy, Sustainability Strategy, Data Visualisation, Future Trends, Qualitative Research, Research Tools, Customer Experience Design, Proposition Design, Service Design, Change Management, Employee Experience, EVP / Employer Branding, Internal Communications, Learning & Development, Purpose,  Values & Culture, Recruitment Campaigns","Automotive, Construction, Financial Services, FMCG, Government, Healthcare, Industry Associations, Pharmaceutical, Professional Services, Real Estate, Technology,  Information and Media, Telecommunications, Transportation,  Logistics,  Supply Chain and Storage, Utilities, Scale-up, Start-up"
The Sandbox Company,Service Design,Financial Services
STCK Strategic Design,"Experience Strategy, Growth & Innovation Strategy, New Venture Strategy, Product Strategy, Customer Experience Design, Proposition Design, Service Design, Employee Experience",B2B
Tobias,"Business Strategy, Customer Strategy, Digital Strategy, Experience Strategy, Growth & Innovation Strategy, New Venture Strategy, Product Strategy, Future Trends, Qualitative Research, Quantitative Research, Brand Design, Customer Experience Design, Proposition Design, Service Design, UX / UI Design, Artificial Intelligence, Software Development, Web Development, Brand Strategy, Employee Experience, EVP / Employer Branding, Learning & Development, Purpose,  Values & Culture","Education, Financial Services, Government, Healthcare, Not-for-Profit, Professional Services, Transportation,  Logistics,  Supply Chain and Storage, Scale-up, Start-up"
How To Impact,"Experience Strategy, Growth & Innovation Strategy, Brand Design, Customer Experience Design, Proposition Design, Service Design","Alcoholic Beverages, Beauty, Education, Entertainment, FMCG, Grocery, Healthcare, Manufacturing, Not-for-Profit, Professional Services, QSR (Quick Service Restaurant), Real Estate, Retail, Technology,  Information and Media, Transportation,  Logistics,  Supply Chain and Storage, Scale-up"
Calls9,"Growth & Innovation Strategy, Product Strategy, Blockchain / Web 3, Mobile App Development, Software Development, Web Development",B2B
IE,"Experience Strategy, Product Strategy, Customer Experience Design, Proposition Design, Service Design, UX & UI Design, CMS / DXP, Mobile App Development, Software Development, Web Development, SEO / SEM",B2B
Maciver Inc.,"Business Strategy, Customer Strategy, Digital Strategy, Experience Strategy, Growth & Innovation Strategy, New Venture Strategy, Product Strategy, Sustainability Strategy, Future Trends, Qualitative Research, Research Tools, Customer Experience Design, AR / VR, Learning & Development, Purpose,  Values & Culture","Education, Professional Services, Technology,  Information and Media"
Apparent,"Business Strategy, CRM Strategy, Customer Strategy, Digital Strategy, Growth & Innovation Strategy, Product Strategy, Dashboarding & Measurement, Data Analytics, Brand Design, Customer Experience Design, Graphic Design, Proposition Design, UX / UI Design, CMS / DXP, eCommerce & Marketplaces, Mobile App Development, Web Development, Advertising, Brand Strategy, Social Media, Creative Production, Digital Campaign Development, Copywriting, Production Management, Digital Performance Marketing, SEO / SEM","Alcoholic Beverages, Fashion, Financial Services, Government, Industry Associations, Not-for-Profit, Professional Services, Technology,  Information and Media, Travel and Tourism, Scale-up, Start-up"
Armadillo,"CRM Strategy, Loyalty Strategy, Brand Strategy, Creative Production, Digital Campaign Development",B2B
BUMP,"Social Media, Digital Performance Marketing, Media Buying, Media Strategy & Planning, SEO / SEM, Social & Influencer Marketing",B2B
MKG Marketing,"Business Strategy, Data Strategy, Digital Strategy, Growth & Innovation Strategy, Dashboarding & Measurement, Data Analytics, Data Visualisation, ROl Optimisation, Advertising, Social Media, Digital Performance Marketing, SEO / SEM","Technology,  Information and Media, Scale-up"
Found.,"Advertising, Brand Strategy, Copywriting, Creative Production, Digital Campaign Development, Social Media, Video Production, Digital Performance Marketing, SEO / SEM, Social & Influencer Marketing",B2B
Inc,"Business Strategy, CRM Strategy, Customer Strategy, Digital Strategy, Experience Strategy, Loyalty Strategy, Product Strategy, Sustainability Strategy, Dashboarding & Measurement, Data Analytics, Qualitative Research, Quantitative Research, Segmentation, Brand Design, Customer Experience Design, Graphic Design, Proposition Design, Service Design, eCommerce & Marketplaces, Web Development, Advertising, Brand Strategy, Social Media, Creative Production, Digital Campaign Development, Copywriting Corporate Communications, Digital Performance Marketing, Events, Experiential Marketing, Media Strategy & Planning, Shopper / PoS marketing, Social & Influencer Marketing, Employee Experience, EVP / Employer Branding, Internal Communications, Learning & Development, Purpose,  Values & Culture","Construction, FMCG, Grocery, Healthcare, Hospitality, Retail, Travel and Tourism"
Media Bounty,"Sustainability Strategy, Data Analytics, Future Trends, ROI Optimisation, Advertising, Brand Strategy, Copywriting, Creative Production, Digital Campaign Development, Social Media, Video Production, Digital Performance Marketing, SEO / SEM, Social & Influencer Marketing",B2B
Heur,"Business Strategy, CRM Strategy, Customer Strategy, Data Strategy, Digital Strategy, Experience Strategy, Growth & Innovation Strategy, Loyalty Strategy, New Venture Strategy, Product Strategy, Sustainability Strategy, Customer Data Platforms, Dashboarding & Measurement, Data Analytics, Data Visualisation, Future Trends, MarTech Consulting, Qualitative Research, Quantitative Research, Research Tools, ROl Optimisation, Segmentation, Customer Experience Design, Proposition Design, UX / UI Design, CRM Implementation, eCommerce & Marketplaces, MarTech Implementation, Advertising, Brand Strategy, Social Media, Creative Production, Digital Campaign Development, Copywriting, Digital Performance Marketing, Experiential Marketing, Media Buying, Media Strategy & Planning, PR, SEO / SEM, Shopper / PoS marketing, Social & Influencer Marketing","Alcoholic Beverages, Beauty, Fashion, FMCG, Food and Beverage Services, Retail, Scale-up, Start-up"
GH05T Ltd.,"Data Analytics, Advertising, Brand Strategy, Social Media, Creative Production, Digital Campaign Development, Copywriting, Video Production","Alcoholic Beverages, Beauty, Entertainment, Fashion, Financial Services, FMCG, Food and Beverage Services, Gaming, Grocery, Healthcare, Pharmaceutical, Start-up"
Submerge,"Digital Campaign Development, Social Media, Digital Performance Marketing, SEO / SEM",B2B
The Onlii,"Digital Campaign Development, Social Media, Digital Performance Marketing, Experiential Marketing, SEO / SEM, Shopper / PoS Marketing, Social & Influencer Marketing",B2B
Fox + Hare,"Sustainability Strategy, Creative Production, Social Media",B2B
Inflorescence Media,"Social Media, Digital Performance Marketing, SEO / SEM",B2B
Behind Login,Research Tools,Financial Services
Fonto,"Business Strategy, CRM Strategy, Customer Strategy, Data Strategy, Customer Data Platforms, Dashboarding & Measurement, Data Analytics, Data Visualisation, Future Trends, MarTech Consulting, Quantitative Research, Research Tools, ROl Optimisation, Segmentation","Alcoholic Beverages, Beauty, Entertainment, Fashion, Financial Services, FMCG, Gaming, Government, Grocery, Hospitality, Pharmaceutical, QSR (Quick Service Restaurant), Retail, Telecommunications, Travel and Tourism, Utilities"
Big Tent Strategy,"Future Trends, Qualitative Research, Customer Experience Design, Proposition Design, Service Design, Brand Strategy","Alcoholic Beverages, Beauty, Fashion, FMCG, Food and Beverage Services, Grocery, Hospitality, QSR (Quick Service Restaurant), Travel and Tourism"
LIVING PROOF - the youth consultancy,"Experience Strategy, Customer Experience Design, Proposition Design",B2B
CreateFuture,"Business Strategy, Customer Strategy, Digital Strategy, Experience Strategy, Growth & Innovation Strategy, Loyalty Strategy, New Venture Strategy, Product Strategy, Qualitative Research, Quantitative Research, Brand Design, Customer Experience Design, Graphic Design, Proposition Design, Service Design, UX / UI Design, Brand Strategy, Corporate Communications, Change Management, Employee Experience, EVP / Employer Branding, Internal Communications, Learning & Development, Purpose,  Values & Culture","Alcoholic Beverages, Financial Services, Food and Beverage Services, Pharmaceutical, Professional Services, Technology,  Information and Media, Scale-up"
Energy Saving Trust,"Growth & Innovation Strategy, Product Strategy, Service Design, UX & UI Design",B2B
CommUnique,"Sustainability Strategy, Change Management, Employee Experience, EVP / Employer Branding, Internal Communications, Learning & Development, Purpose,  Values & Culture","Construction, Financial Services, FMCG, Food and Beverage Services, Government, Grocery, Hospitality, Professional Services, Real Estate, Retail, Telecommunications, Scale-up"
Republic of Everyone,"Customer Strategy, Digital Strategy, Product Strategy, Sustainability Strategy, Future Trends, Qualitative Research, Brand Design, Graphic Design, AR / VR, CMS / DXP, Mobile App Development, Web Development, Advertising, Brand Strategy, Social Media, Creative Production, Digital Campaign Development, Copywriting, Video Production, Corporate Communications, Events, Change Management, Employee Experience, EVP / Employer Branding, Internal Communications, Learning & Development, Purpose,  Values & Culture","Construction, Education, Fashion, Financial Services, FMCG, Government, Grocery, Industry Associations, Telecommunications"
Good Innovation,"Growth & Innovation Strategy, Sustainability Strategy, Future Trends, Qualitative Research, Quantitative Research, Customer Experience Design, Service Design, UX / UI Design, Employee Experience, Purpose,  Values & Culture","Financial Services, Not-for-Profit, Scale-up, Start-up"
HACKMASTERS,"Growth & Innovation Strategy, Product Strategy, Sustainability Strategy, Proposition Design, Software Development",B2B
Braidr Limited,"Customer Data Platforms, Dashboarding & Measurement, Data Visualisation",B2B
Noble Agency,"Experience Strategy, Qualitative Research, Quantitative Research, Brand Design, Graphic Design, Service Design, Advertising, Brand Strategy, Social Media, Creative Production, Digital Campaign Development, Copywriting, Video Production, Corporate Communications, Events, Experiential Marketing, Change Management, Employee Experience, EVP / Employer Branding, Internal Communications, Learning & Development, Purpose,  Values & Culture, Recruitment Campaigns","Administrative and Support Services, Alcoholic Beverages, Construction, Financial Services, Food and Beverage Services, Gaming, Government, Grocery, Healthcare, Manufacturing, Pharmaceutical, QSR (Quick Service Restaurant), Retail, Technology,  Information and Media, Transportation,  Logistics,  Supply Chain and Storage, Utilities"
Innovate Live,"Customer Experience Design, Spatial Design, UX / UI Design, AR / VR, Blockchain / Web 3, Mobile App Development, Software Development, Web Development, Advertising, Creative Production, Digital Campaign Development, Video Production, Events, Experiential Marketing, Internal Communications, Learning & Development",Entertainment
Magic ,,
Reimagine Digital,"Product Strategy, MarTech Consulting, Proposition Design, Service Design, UX & UI Design, CMS / DXP, MarTech Implementation",B2B
T-minus,"Growth & Innovation Strategy, Learning & Development, Purpose, Values & Culture, Purpose, Values & Culture",B2B
UNIT9,"AR/VR, Software Development, Web Development, Brand Strategy, Creative Production, Digital Campaign Development, Social Media, Video Production, Experiential Marketing",B2B
Warrior Agency,"Brand Strategy, Social Media, Copywriting, Corporate Communications, Events, Media Strategy & Planning, PR, SEO / SEM, Social & Influencer Marketing","Alcoholic Beverages, Education, Entertainment, Food and Beverage Services, Grocery, Healthcare, Hospitality, Not-for-Profit, Travel and Tourism, Start-up"
